timestep,task,success,health,food_level,crops_harvested,mobs_killed,episode_steps
171,navigation,0,20.0,20,0,0,171
296,navigation,0,20.0,20,0,0,125
461,navigation,0,20.0,20,0,0,165
646,navigation,0,20.0,20,0,0,185
805,navigation,0,20.0,20,0,0,159
980,navigation,0,20.0,20,0,0,175
1093,navigation,0,20.0,20,0,0,113
1199,navigation,0,20.0,20,0,0,106
1357,navigation,0,20.0,20,0,0,158
1517,navigation,0,20.0,20,0,0,160
1701,navigation,0,20.0,20,0,0,184
1806,navigation,0,20.0,20,0,0,105
1914,navigation,0,20.0,20,0,0,108
2054,navigation,0,20.0,20,0,0,140
2161,navigation,0,20.0,20,0,0,107
2297,navigation,0,20.0,20,0,0,136
2405,navigation,0,20.0,20,0,0,108
2566,navigation,0,20.0,20,0,0,161
2749,navigation,0,20.0,20,0,0,183
2939,navigation,0,20.0,20,0,0,190
3070,navigation,0,20.0,20,0,0,131
3183,navigation,0,20.0,20,0,0,113
3313,navigation,0,20.0,20,0,0,130
3429,navigation,0,20.0,20,0,0,116
3584,navigation,0,20.0,20,0,0,155
3763,navigation,0,20.0,20,0,0,179
3876,navigation,0,20.0,20,0,0,113
4059,navigation,0,20.0,20,0,0,183
4185,navigation,0,20.0,20,0,0,126
4299,navigation,0,20.0,20,0,0,114
4507,navigation,0,20.0,20,0,0,208
4691,navigation,0,20.0,20,0,0,184
4890,navigation,0,20.0,20,0,0,199
5058,navigation,0,20.0,20,0,0,168
5188,navigation,0,20.0,20,0,0,130
5389,navigation,0,20.0,20,0,0,201
5546,navigation,0,20.0,20,0,0,157
5710,navigation,0,20.0,20,0,0,164
5872,navigation,0,20.0,20,0,0,162
6040,navigation,1,20.0,20,0,0,168
6228,navigation,0,20.0,20,0,0,188
6381,navigation,0,20.0,20,0,0,153
6544,navigation,0,20.0,20,0,0,163
6700,navigation,0,20.0,20,0,0,156
6886,navigation,0,20.0,20,0,0,186
7014,navigation,0,20.0,20,0,0,128
7142,navigation,1,20.0,20,0,0,128
7264,navigation,0,20.0,20,0,0,122
7434,navigation,0,20.0,20,0,0,170
7596,navigation,1,20.0,20,0,0,162
7791,navigation,0,20.0,20,0,0,195
7945,navigation,0,20.0,20,0,0,154
8129,navigation,0,20.0,20,0,0,184
8284,navigation,1,20.0,20,0,0,155
8473,navigation,0,20.0,20,0,0,189
8605,navigation,0,20.0,20,0,0,132
8791,navigation,1,20.0,20,0,0,186
8942,navigation,0,20.0,20,0,0,151
9050,navigation,1,20.0,20,0,0,108
9197,navigation,0,20.0,20,0,0,147
9314,navigation,0,20.0,20,0,0,117
9425,navigation,0,20.0,20,0,0,111
9608,navigation,0,20.0,20,0,0,183
9739,navigation,0,20.0,20,0,0,131
9872,navigation,0,20.0,20,0,0,133
9989,navigation,0,20.0,20,0,0,117
10160,navigation,0,20.0,20,0,0,171
10320,navigation,0,20.0,20,0,0,160
10465,navigation,0,20.0,20,0,0,145
10554,navigation,1,20.0,20,0,0,89
10759,navigation,0,20.0,20,0,0,205
10887,navigation,0,20.0,20,0,0,128
11017,navigation,0,20.0,20,0,0,130
11208,navigation,0,20.0,20,0,0,191
11386,navigation,0,20.0,20,0,0,178
11557,navigation,0,20.0,20,0,0,171
11736,navigation,0,20.0,20,0,0,179
11902,navigation,0,20.0,20,0,0,166
12093,navigation,0,20.0,20,0,0,191
12245,navigation,0,20.0,20,0,0,152
12394,navigation,0,20.0,20,0,0,149
12590,navigation,0,20.0,20,0,0,196
12697,navigation,0,20.0,20,0,0,107
12855,navigation,0,20.0,20,0,0,158
12910,navigation,1,20.0,20,0,0,55
13080,navigation,0,20.0,20,0,0,170
13267,navigation,0,20.0,20,0,0,187
13447,navigation,0,20.0,20,0,0,180
13626,navigation,0,20.0,20,0,0,179
13748,navigation,0,20.0,20,0,0,122
13877,navigation,0,20.0,20,0,0,129
14023,navigation,0,20.0,20,0,0,146
14169,navigation,0,20.0,20,0,0,146
14342,navigation,0,20.0,20,0,0,173
14457,navigation,1,20.0,20,0,0,115
14590,navigation,0,20.0,20,0,0,133
14710,navigation,0,20.0,20,0,0,120
14881,navigation,1,20.0,20,0,0,171
15005,navigation,0,20.0,20,0,0,124
15214,navigation,0,20.0,20,0,0,209
15319,navigation,0,20.0,20,0,0,105
15441,navigation,1,20.0,20,0,0,122
15554,navigation,0,20.0,20,0,0,113
15759,navigation,0,20.0,20,0,0,205
15873,navigation,1,20.0,20,0,0,114
16018,navigation,0,20.0,20,0,0,145
16209,navigation,0,20.0,20,0,0,191
16390,navigation,0,20.0,20,0,0,181
16582,navigation,0,20.0,20,0,0,192
16749,navigation,0,20.0,20,0,0,167
16853,navigation,1,20.0,20,0,0,104
16996,navigation,0,20.0,20,0,0,143
17114,navigation,0,20.0,20,0,0,118
17216,navigation,1,20.0,20,0,0,102
17393,navigation,0,20.0,20,0,0,177
17526,navigation,0,20.0,20,0,0,133
17657,navigation,1,20.0,20,0,0,131
17838,navigation,0,20.0,20,0,0,181
18025,navigation,0,20.0,20,0,0,187
18182,navigation,0,20.0,20,0,0,157
18358,navigation,0,20.0,20,0,0,176
18509,navigation,1,20.0,20,0,0,151
18627,navigation,1,20.0,20,0,0,118
18721,navigation,1,20.0,20,0,0,94
18837,navigation,0,20.0,20,0,0,116
18991,navigation,1,20.0,20,0,0,154
19174,navigation,0,20.0,20,0,0,183
19367,navigation,0,20.0,20,0,0,193
19457,navigation,1,20.0,20,0,0,90
19637,navigation,1,20.0,20,0,0,180
19823,navigation,0,20.0,20,0,0,186
20008,navigation,0,20.0,20,0,0,185
20119,navigation,0,20.0,20,0,0,111
20170,navigation,1,20.0,20,0,0,51
20379,navigation,0,20.0,20,0,0,209
20498,navigation,1,20.0,20,0,0,119
20678,navigation,0,20.0,20,0,0,180
20786,navigation,1,20.0,20,0,0,108
20941,navigation,1,20.0,20,0,0,155
21071,navigation,1,20.0,20,0,0,130
21158,navigation,1,20.0,20,0,0,87
21293,navigation,1,20.0,20,0,0,135
21421,navigation,1,20.0,20,0,0,128
21524,navigation,1,20.0,20,0,0,103
21633,navigation,0,20.0,20,0,0,109
21840,navigation,0,20.0,20,0,0,207
22033,navigation,0,20.0,20,0,0,193
22139,navigation,0,20.0,20,0,0,106
22347,navigation,0,20.0,20,0,0,208
22439,navigation,1,20.0,20,0,0,92
22567,navigation,1,20.0,20,0,0,128
22659,navigation,1,20.0,20,0,0,92
22810,navigation,0,20.0,20,0,0,151
22962,navigation,0,20.0,20,0,0,152
23083,navigation,1,20.0,20,0,0,121
23181,navigation,1,20.0,20,0,0,98
23275,navigation,1,20.0,20,0,0,94
23411,navigation,0,20.0,20,0,0,136
23585,navigation,0,20.0,20,0,0,174
23637,navigation,1,20.0,20,0,0,52
23796,navigation,1,20.0,20,0,0,159
23951,navigation,1,20.0,20,0,0,155
24134,navigation,0,20.0,20,0,0,183
24280,navigation,0,20.0,20,0,0,146
24354,navigation,1,20.0,20,0,0,74
24465,navigation,0,20.0,20,0,0,111
24574,navigation,1,20.0,20,0,0,109
24657,navigation,1,20.0,20,0,0,83
24861,navigation,1,20.0,20,0,0,204
24938,navigation,1,20.0,20,0,0,77
25057,navigation,1,20.0,20,0,0,119
25123,navigation,1,20.0,20,0,0,66
25291,navigation,0,20.0,20,0,0,168
25407,navigation,0,20.0,20,0,0,116
25529,navigation,0,20.0,20,0,0,122
25610,navigation,1,20.0,20,0,0,81
25688,navigation,1,20.0,20,0,0,78
25821,navigation,0,20.0,20,0,0,133
25948,navigation,0,20.0,20,0,0,127
26102,navigation,0,20.0,20,0,0,154
26194,navigation,1,20.0,20,0,0,92
26303,navigation,1,20.0,20,0,0,109
26412,navigation,1,20.0,20,0,0,109
26579,navigation,1,20.0,20,0,0,167
26657,navigation,1,20.0,20,0,0,78
26825,navigation,1,20.0,20,0,0,168
26957,navigation,1,20.0,20,0,0,132
27009,navigation,1,20.0,20,0,0,52
27122,navigation,0,20.0,20,0,0,113
27231,navigation,1,20.0,20,0,0,109
27348,navigation,0,20.0,20,0,0,117
27540,navigation,0,20.0,20,0,0,192
27672,navigation,0,20.0,20,0,0,132
27805,navigation,1,20.0,20,0,0,133
27974,navigation,0,20.0,20,0,0,169
28105,navigation,1,20.0,20,0,0,131
28271,navigation,1,20.0,20,0,0,166
28393,navigation,1,20.0,20,0,0,122
28506,navigation,0,20.0,20,0,0,113
28603,navigation,1,20.0,20,0,0,97
28716,navigation,1,20.0,20,0,0,113
28825,navigation,1,20.0,20,0,0,109
28978,navigation,1,20.0,20,0,0,153
29154,navigation,1,20.0,20,0,0,176
29259,navigation,0,20.0,20,0,0,105
29437,navigation,0,20.0,20,0,0,178
29554,navigation,1,20.0,20,0,0,117
29661,navigation,0,20.0,20,0,0,107
29785,navigation,1,20.0,20,0,0,124
29893,navigation,0,20.0,20,0,0,108
29946,navigation,1,20.0,20,0,0,53
30043,navigation,1,20.0,20,0,0,97
30160,navigation,1,20.0,20,0,0,117
30296,navigation,1,20.0,20,0,0,136
30420,navigation,1,20.0,20,0,0,124
30502,navigation,1,20.0,20,0,0,82
30657,navigation,1,20.0,20,0,0,155
30830,navigation,1,20.0,20,0,0,173
30916,navigation,1,20.0,20,0,0,86
30973,navigation,1,20.0,20,0,0,57
31004,navigation,1,20.0,20,0,0,31
31098,navigation,1,20.0,20,0,0,94
31201,navigation,1,20.0,20,0,0,103
31346,navigation,0,20.0,20,0,0,145
31432,navigation,1,20.0,20,0,0,86
31530,navigation,1,20.0,20,0,0,98
31606,navigation,1,20.0,20,0,0,76
31716,navigation,1,20.0,20,0,0,110
31810,navigation,1,20.0,20,0,0,94
32010,navigation,0,20.0,20,0,0,200
32163,navigation,0,20.0,20,0,0,153
32284,navigation,0,20.0,20,0,0,121
32362,navigation,1,20.0,20,0,0,78
32457,navigation,1,20.0,20,0,0,95
32515,navigation,1,20.0,20,0,0,58
32580,navigation,1,20.0,20,0,0,65
32655,navigation,1,20.0,20,0,0,75
32754,navigation,1,20.0,20,0,0,99
32801,navigation,1,20.0,20,0,0,47
32902,navigation,1,20.0,20,0,0,101
32960,navigation,1,20.0,20,0,0,58
33064,navigation,1,20.0,20,0,0,104
33116,navigation,1,20.0,20,0,0,52
33237,navigation,1,20.0,20,0,0,121
33313,navigation,1,20.0,20,0,0,76
33385,navigation,1,20.0,20,0,0,72
33494,navigation,0,20.0,20,0,0,109
33602,navigation,1,20.0,20,0,0,108
33745,navigation,1,20.0,20,0,0,143
33879,navigation,1,20.0,20,0,0,134
33965,navigation,1,20.0,20,0,0,86
34072,navigation,0,20.0,20,0,0,107
34144,navigation,1,20.0,20,0,0,72
34248,navigation,1,20.0,20,0,0,104
34311,navigation,1,20.0,20,0,0,63
34399,navigation,1,20.0,20,0,0,88
34473,navigation,1,20.0,20,0,0,74
34580,navigation,1,20.0,20,0,0,107
34693,navigation,1,20.0,20,0,0,113
34780,navigation,1,20.0,20,0,0,87
34883,navigation,1,20.0,20,0,0,103
34977,navigation,1,20.0,20,0,0,94
35002,navigation,1,20.0,20,0,0,25
35091,navigation,1,20.0,20,0,0,89
35163,navigation,1,20.0,20,0,0,72
35293,navigation,1,20.0,20,0,0,130
35370,navigation,1,20.0,20,0,0,77
35445,navigation,1,20.0,20,0,0,75
35622,navigation,0,20.0,20,0,0,177
35684,navigation,1,20.0,20,0,0,62
35741,navigation,1,20.0,20,0,0,57
35830,navigation,1,20.0,20,0,0,89
35932,navigation,1,20.0,20,0,0,102
36113,navigation,1,20.0,20,0,0,181
36223,navigation,1,20.0,20,0,0,110
36347,navigation,1,20.0,20,0,0,124
36441,navigation,1,20.0,20,0,0,94
36503,navigation,1,20.0,20,0,0,62
36585,navigation,1,20.0,20,0,0,82
36680,navigation,1,20.0,20,0,0,95
36788,navigation,1,20.0,20,0,0,108
36844,navigation,1,20.0,20,0,0,56
36971,navigation,0,20.0,20,0,0,127
37071,navigation,1,20.0,20,0,0,100
37124,navigation,1,20.0,20,0,0,53
37200,navigation,1,20.0,20,0,0,76
37283,navigation,1,20.0,20,0,0,83
37356,navigation,1,20.0,20,0,0,73
37412,navigation,1,20.0,20,0,0,56
37444,navigation,1,20.0,20,0,0,32
37538,navigation,1,20.0,20,0,0,94
37629,navigation,1,20.0,20,0,0,91
37803,navigation,1,20.0,20,0,0,174
37922,navigation,1,20.0,20,0,0,119
37976,navigation,1,20.0,20,0,0,54
38041,navigation,1,20.0,20,0,0,65
38164,navigation,1,20.0,20,0,0,123
38198,navigation,1,20.0,20,0,0,34
38275,navigation,1,20.0,20,0,0,77
38353,navigation,1,20.0,20,0,0,78
38433,navigation,1,20.0,20,0,0,80
38485,navigation,1,20.0,20,0,0,52
38558,navigation,1,20.0,20,0,0,73
38611,navigation,1,20.0,20,0,0,53
38689,navigation,1,20.0,20,0,0,78
38768,navigation,1,20.0,20,0,0,79
38869,navigation,1,20.0,20,0,0,101
38927,navigation,1,20.0,20,0,0,58
39005,navigation,1,20.0,20,0,0,78
39087,navigation,1,20.0,20,0,0,82
39220,navigation,1,20.0,20,0,0,133
39354,navigation,1,20.0,20,0,0,134
39456,navigation,1,20.0,20,0,0,102
39536,navigation,1,20.0,20,0,0,80
39620,navigation,1,20.0,20,0,0,84
39688,navigation,1,20.0,20,0,0,68
39789,navigation,1,20.0,20,0,0,101
39859,navigation,1,20.0,20,0,0,70
39968,navigation,1,20.0,20,0,0,109
40070,navigation,1,20.0,20,0,0,102
40224,navigation,1,20.0,20,0,0,154
40268,navigation,1,20.0,20,0,0,44
40450,navigation,1,20.0,20,0,0,182
40546,navigation,1,20.0,20,0,0,96
40626,navigation,1,20.0,20,0,0,80
40699,navigation,1,20.0,20,0,0,73
40760,navigation,1,20.0,20,0,0,61
40868,navigation,1,20.0,20,0,0,108
40961,navigation,1,20.0,20,0,0,93
41041,navigation,1,20.0,20,0,0,80
41181,navigation,1,20.0,20,0,0,140
41280,navigation,1,20.0,20,0,0,99
41349,navigation,1,20.0,20,0,0,69
41450,navigation,1,20.0,20,0,0,101
41533,navigation,1,20.0,20,0,0,83
41618,navigation,1,20.0,20,0,0,85
41667,navigation,1,20.0,20,0,0,49
41747,navigation,1,20.0,20,0,0,80
41799,navigation,1,20.0,20,0,0,52
41866,navigation,1,20.0,20,0,0,67
41921,navigation,1,20.0,20,0,0,55
42002,navigation,1,20.0,20,0,0,81
42114,navigation,1,20.0,20,0,0,112
42204,navigation,1,20.0,20,0,0,90
42313,navigation,1,20.0,20,0,0,109
42362,navigation,1,20.0,20,0,0,49
42400,navigation,1,20.0,20,0,0,38
42561,navigation,1,20.0,20,0,0,161
42666,navigation,1,20.0,20,0,0,105
42745,navigation,1,20.0,20,0,0,79
42857,navigation,1,20.0,20,0,0,112
42889,navigation,1,20.0,20,0,0,32
42948,navigation,1,20.0,20,0,0,59
43020,navigation,1,20.0,20,0,0,72
43093,navigation,1,20.0,20,0,0,73
43149,navigation,1,20.0,20,0,0,56
43233,navigation,1,20.0,20,0,0,84
43275,navigation,1,20.0,20,0,0,42
43323,navigation,1,20.0,20,0,0,48
43366,navigation,1,20.0,20,0,0,43
43448,navigation,1,20.0,20,0,0,82
43495,navigation,1,20.0,20,0,0,47
43554,navigation,1,20.0,20,0,0,59
43657,navigation,1,20.0,20,0,0,103
43719,navigation,1,20.0,20,0,0,62
43814,navigation,1,20.0,20,0,0,95
43859,navigation,1,20.0,20,0,0,45
43916,navigation,1,20.0,20,0,0,57
43970,navigation,1,20.0,20,0,0,54
44041,navigation,1,20.0,20,0,0,71
44136,navigation,1,20.0,20,0,0,95
44195,navigation,1,20.0,20,0,0,59
44290,navigation,1,20.0,20,0,0,95
44388,navigation,1,20.0,20,0,0,98
44474,navigation,1,20.0,20,0,0,86
44539,navigation,1,20.0,20,0,0,65
44666,navigation,1,20.0,20,0,0,127
44802,navigation,1,20.0,20,0,0,136
44880,navigation,1,20.0,20,0,0,78
44955,navigation,1,20.0,20,0,0,75
45058,navigation,1,20.0,20,0,0,103
45129,navigation,1,20.0,20,0,0,71
45183,navigation,1,20.0,20,0,0,54
45273,navigation,1,20.0,20,0,0,90
45336,navigation,1,20.0,20,0,0,63
45396,navigation,1,20.0,20,0,0,60
45454,navigation,1,20.0,20,0,0,58
45546,navigation,1,20.0,20,0,0,92
45640,navigation,1,20.0,20,0,0,94
45705,navigation,1,20.0,20,0,0,65
45775,navigation,1,20.0,20,0,0,70
45848,navigation,1,20.0,20,0,0,73
45983,navigation,1,20.0,20,0,0,135
46055,navigation,1,20.0,20,0,0,72
46113,navigation,1,20.0,20,0,0,58
46205,navigation,1,20.0,20,0,0,92
46312,navigation,1,20.0,20,0,0,107
46383,navigation,1,20.0,20,0,0,71
46457,navigation,1,20.0,20,0,0,74
46524,navigation,1,20.0,20,0,0,67
46581,navigation,1,20.0,20,0,0,57
46661,navigation,1,20.0,20,0,0,80
46693,navigation,1,20.0,20,0,0,32
46732,navigation,1,20.0,20,0,0,39
46788,navigation,1,20.0,20,0,0,56
46867,navigation,1,20.0,20,0,0,79
46927,navigation,1,20.0,20,0,0,60
46979,navigation,1,20.0,20,0,0,52
47054,navigation,1,20.0,20,0,0,75
47131,navigation,1,20.0,20,0,0,77
47188,navigation,1,20.0,20,0,0,57
47263,navigation,1,20.0,20,0,0,75
47318,navigation,1,20.0,20,0,0,55
47401,navigation,1,20.0,20,0,0,83
47471,navigation,1,20.0,20,0,0,70
47543,navigation,1,20.0,20,0,0,72
47608,navigation,1,20.0,20,0,0,65
47664,navigation,1,20.0,20,0,0,56
47731,navigation,1,20.0,20,0,0,67
47784,navigation,1,20.0,20,0,0,53
47822,navigation,1,20.0,20,0,0,38
47867,navigation,1,20.0,20,0,0,45
47913,navigation,1,20.0,20,0,0,46
47973,navigation,1,20.0,20,0,0,60
48052,navigation,1,20.0,20,0,0,79
48117,navigation,1,20.0,20,0,0,65
48161,navigation,1,20.0,20,0,0,44
48258,navigation,1,20.0,20,0,0,97
48303,navigation,1,20.0,20,0,0,45
48384,navigation,1,20.0,20,0,0,81
48432,navigation,1,20.0,20,0,0,48
48498,navigation,1,20.0,20,0,0,66
48542,navigation,1,20.0,20,0,0,44
48618,navigation,1,20.0,20,0,0,76
48716,navigation,1,20.0,20,0,0,98
48780,navigation,1,20.0,20,0,0,64
48912,navigation,1,20.0,20,0,0,132
49004,navigation,1,20.0,20,0,0,92
49059,navigation,1,20.0,20,0,0,55
49145,navigation,1,20.0,20,0,0,86
49194,navigation,1,20.0,20,0,0,49
49268,navigation,1,20.0,20,0,0,74
49350,navigation,1,20.0,20,0,0,82
49404,navigation,1,20.0,20,0,0,54
49479,navigation,1,20.0,20,0,0,75
49526,navigation,1,20.0,20,0,0,47
49563,navigation,1,20.0,20,0,0,37
49641,navigation,1,20.0,20,0,0,78
49683,navigation,1,20.0,20,0,0,42
49786,navigation,1,20.0,20,0,0,103
49844,navigation,1,20.0,20,0,0,58
49931,navigation,1,20.0,20,0,0,87
50060,navigation,1,20.0,20,0,0,129
50102,navigation,1,20.0,20,0,0,42
50155,navigation,1,20.0,20,0,0,53
50247,navigation,1,20.0,20,0,0,92
50307,navigation,1,20.0,20,0,0,60
50385,navigation,1,20.0,20,0,0,78
50418,navigation,1,20.0,20,0,0,33
50517,navigation,1,20.0,20,0,0,99
50570,navigation,1,20.0,20,0,0,53
50605,navigation,1,20.0,20,0,0,35
50653,navigation,1,20.0,20,0,0,48
50708,navigation,1,20.0,20,0,0,55
50776,navigation,1,20.0,20,0,0,68
50820,navigation,1,20.0,20,0,0,44
50864,navigation,1,20.0,20,0,0,44
50945,navigation,1,20.0,20,0,0,81
51031,navigation,1,20.0,20,0,0,86
51102,navigation,1,20.0,20,0,0,71
51195,navigation,1,20.0,20,0,0,93
51241,navigation,1,20.0,20,0,0,46
51292,navigation,1,20.0,20,0,0,51
51390,navigation,1,20.0,20,0,0,98
51427,navigation,1,20.0,20,0,0,37
51479,navigation,1,20.0,20,0,0,52
51530,navigation,1,20.0,20,0,0,51
51595,navigation,1,20.0,20,0,0,65
51652,navigation,1,20.0,20,0,0,57
51740,navigation,1,20.0,20,0,0,88
51816,navigation,1,20.0,20,0,0,76
51879,navigation,1,20.0,20,0,0,63
51943,navigation,1,20.0,20,0,0,64
51999,navigation,1,20.0,20,0,0,56
52086,navigation,1,20.0,20,0,0,87
52164,navigation,1,20.0,20,0,0,78
52231,navigation,1,20.0,20,0,0,67
52274,navigation,1,20.0,20,0,0,43
52303,navigation,1,20.0,20,0,0,29
52338,navigation,1,20.0,20,0,0,35
52427,navigation,1,20.0,20,0,0,89
52523,navigation,1,20.0,20,0,0,96
52593,navigation,1,20.0,20,0,0,70
52703,navigation,1,20.0,20,0,0,110
52768,navigation,1,20.0,20,0,0,65
52830,navigation,1,20.0,20,0,0,62
52876,navigation,1,20.0,20,0,0,46
52957,navigation,1,20.0,20,0,0,81
53028,navigation,1,20.0,20,0,0,71
53064,navigation,1,20.0,20,0,0,36
53105,navigation,1,20.0,20,0,0,41
53186,navigation,1,20.0,20,0,0,81
53236,navigation,1,20.0,20,0,0,50
53285,navigation,1,20.0,20,0,0,49
53312,navigation,1,20.0,20,0,0,27
53368,navigation,1,20.0,20,0,0,56
53433,navigation,1,20.0,20,0,0,65
53507,navigation,1,20.0,20,0,0,74
53553,navigation,1,20.0,20,0,0,46
53641,navigation,1,20.0,20,0,0,88
53674,navigation,1,20.0,20,0,0,33
53727,navigation,1,20.0,20,0,0,53
53794,navigation,1,20.0,20,0,0,67
53855,navigation,1,20.0,20,0,0,61
53909,navigation,1,20.0,20,0,0,54
53971,navigation,1,20.0,20,0,0,62
54020,navigation,1,20.0,20,0,0,49
54072,navigation,1,20.0,20,0,0,52
54117,navigation,1,20.0,20,0,0,45
54164,navigation,1,20.0,20,0,0,47
54211,navigation,1,20.0,20,0,0,47
54277,navigation,1,20.0,20,0,0,66
54338,navigation,1,20.0,20,0,0,61
54383,navigation,1,20.0,20,0,0,45
54457,navigation,1,20.0,20,0,0,74
54537,navigation,1,20.0,20,0,0,80
54615,navigation,1,20.0,20,0,0,78
54683,navigation,1,20.0,20,0,0,68
54780,navigation,1,20.0,20,0,0,97
54823,navigation,1,20.0,20,0,0,43
54875,navigation,1,20.0,20,0,0,52
54927,navigation,1,20.0,20,0,0,52
54977,navigation,1,20.0,20,0,0,50
55081,navigation,1,20.0,20,0,0,104
55136,navigation,1,20.0,20,0,0,55
55193,navigation,1,20.0,20,0,0,57
55240,navigation,1,20.0,20,0,0,47
55271,navigation,1,20.0,20,0,0,31
55332,navigation,1,20.0,20,0,0,61
55395,navigation,1,20.0,20,0,0,63
55452,navigation,1,20.0,20,0,0,57
55515,navigation,1,20.0,20,0,0,63
55587,navigation,1,20.0,20,0,0,72
55645,navigation,1,20.0,20,0,0,58
55719,navigation,1,20.0,20,0,0,74
55749,navigation,1,20.0,20,0,0,30
55807,navigation,1,20.0,20,0,0,58
55918,navigation,1,20.0,20,0,0,111
55982,navigation,1,20.0,20,0,0,64
56028,navigation,1,20.0,20,0,0,46
56081,navigation,1,20.0,20,0,0,53
56131,navigation,1,20.0,20,0,0,50
56182,navigation,1,20.0,20,0,0,51
56222,navigation,1,20.0,20,0,0,40
56247,navigation,1,20.0,20,0,0,25
56345,navigation,1,20.0,20,0,0,98
56384,navigation,1,20.0,20,0,0,39
56451,navigation,1,20.0,20,0,0,67
56496,navigation,1,20.0,20,0,0,45
56535,navigation,1,20.0,20,0,0,39
56603,navigation,1,20.0,20,0,0,68
56667,navigation,1,20.0,20,0,0,64
56695,navigation,1,20.0,20,0,0,28
56743,navigation,1,20.0,20,0,0,48
56812,navigation,1,20.0,20,0,0,69
56865,navigation,1,20.0,20,0,0,53
56956,navigation,1,20.0,20,0,0,91
56998,navigation,1,20.0,20,0,0,42
57051,navigation,1,20.0,20,0,0,53
57096,navigation,1,20.0,20,0,0,45
57131,navigation,1,20.0,20,0,0,35
57197,navigation,1,20.0,20,0,0,66
57265,navigation,1,20.0,20,0,0,68
57340,navigation,1,20.0,20,0,0,75
57389,navigation,1,20.0,20,0,0,49
57450,navigation,1,20.0,20,0,0,61
57477,navigation,1,20.0,20,0,0,27
57547,navigation,1,20.0,20,0,0,70
57623,navigation,1,20.0,20,0,0,76
57664,navigation,1,20.0,20,0,0,41
57729,navigation,1,20.0,20,0,0,65
57763,navigation,1,20.0,20,0,0,34
57822,navigation,1,20.0,20,0,0,59
57852,navigation,1,20.0,20,0,0,30
57910,navigation,1,20.0,20,0,0,58
57958,navigation,1,20.0,20,0,0,48
58032,navigation,1,20.0,20,0,0,74
58066,navigation,1,20.0,20,0,0,34
58127,navigation,1,20.0,20,0,0,61
58210,navigation,1,20.0,20,0,0,83
58254,navigation,1,20.0,20,0,0,44
58314,navigation,1,20.0,20,0,0,60
58347,navigation,1,20.0,20,0,0,33
58392,navigation,1,20.0,20,0,0,45
58414,navigation,1,20.0,20,0,0,22
58450,navigation,1,20.0,20,0,0,36
58518,navigation,1,20.0,20,0,0,68
58573,navigation,1,20.0,20,0,0,55
58622,navigation,1,20.0,20,0,0,49
58686,navigation,1,20.0,20,0,0,64
58753,navigation,1,20.0,20,0,0,67
58810,navigation,1,20.0,20,0,0,57
58846,navigation,1,20.0,20,0,0,36
58919,navigation,1,20.0,20,0,0,73
58967,navigation,1,20.0,20,0,0,48
59048,navigation,1,20.0,20,0,0,81
59114,navigation,1,20.0,20,0,0,66
59214,navigation,1,20.0,20,0,0,100
59251,navigation,1,20.0,20,0,0,37
59315,navigation,1,20.0,20,0,0,64
59345,navigation,1,20.0,20,0,0,30
59396,navigation,1,20.0,20,0,0,51
59452,navigation,1,20.0,20,0,0,56
59541,navigation,1,20.0,20,0,0,89
59614,navigation,1,20.0,20,0,0,73
59676,navigation,1,20.0,20,0,0,62
59719,navigation,1,20.0,20,0,0,43
59757,navigation,1,20.0,20,0,0,38
59820,navigation,1,20.0,20,0,0,63
59853,navigation,1,20.0,20,0,0,33
59906,navigation,1,20.0,20,0,0,53
59965,navigation,1,20.0,20,0,0,59
60015,navigation,1,20.0,20,0,0,50
60063,navigation,1,20.0,20,0,0,48
60102,navigation,1,20.0,20,0,0,39
60139,navigation,1,20.0,20,0,0,37
60195,navigation,1,20.0,20,0,0,56
60250,navigation,1,20.0,20,0,0,55
60309,navigation,1,20.0,20,0,0,59
60351,navigation,1,20.0,20,0,0,42
60412,navigation,1,20.0,20,0,0,61
60525,navigation,1,20.0,20,0,0,113
60594,navigation,1,20.0,20,0,0,69
60631,navigation,1,20.0,20,0,0,37
60685,navigation,1,20.0,20,0,0,54
60754,navigation,1,20.0,20,0,0,69
60809,navigation,1,20.0,20,0,0,55
60860,navigation,1,20.0,20,0,0,51
60916,navigation,1,20.0,20,0,0,56
60948,navigation,1,20.0,20,0,0,32
61007,navigation,1,20.0,20,0,0,59
61052,navigation,1,20.0,20,0,0,45
61099,navigation,1,20.0,20,0,0,47
61155,navigation,1,20.0,20,0,0,56
61207,navigation,1,20.0,20,0,0,52
61263,navigation,1,20.0,20,0,0,56
61318,navigation,1,20.0,20,0,0,55
61382,navigation,1,20.0,20,0,0,64
61422,navigation,1,20.0,20,0,0,40
61487,navigation,1,20.0,20,0,0,65
61538,navigation,1,20.0,20,0,0,51
61600,navigation,1,20.0,20,0,0,62
61653,navigation,1,20.0,20,0,0,53
61700,navigation,1,20.0,20,0,0,47
61787,navigation,1,20.0,20,0,0,87
61855,navigation,1,20.0,20,0,0,68
61907,navigation,1,20.0,20,0,0,52
61980,navigation,1,20.0,20,0,0,73
62039,navigation,1,20.0,20,0,0,59
62084,navigation,1,20.0,20,0,0,45
62129,navigation,1,20.0,20,0,0,45
62169,navigation,1,20.0,20,0,0,40
62209,navigation,1,20.0,20,0,0,40
62263,navigation,1,20.0,20,0,0,54
62307,navigation,1,20.0,20,0,0,44
62329,navigation,1,20.0,20,0,0,22
62395,navigation,1,20.0,20,0,0,66
62447,navigation,1,20.0,20,0,0,52
62486,navigation,1,20.0,20,0,0,39
62533,navigation,1,20.0,20,0,0,47
62568,navigation,1,20.0,20,0,0,35
62612,navigation,1,20.0,20,0,0,44
62653,navigation,1,20.0,20,0,0,41
62692,navigation,1,20.0,20,0,0,39
62775,navigation,1,20.0,20,0,0,83
62841,navigation,1,20.0,20,0,0,66
62905,navigation,1,20.0,20,0,0,64
62952,navigation,1,20.0,20,0,0,47
63003,navigation,1,20.0,20,0,0,51
63067,navigation,1,20.0,20,0,0,64
63134,navigation,1,20.0,20,0,0,67
63183,navigation,1,20.0,20,0,0,49
63242,navigation,1,20.0,20,0,0,59
63302,navigation,1,20.0,20,0,0,60
63349,navigation,1,20.0,20,0,0,47
63408,navigation,1,20.0,20,0,0,59
63516,navigation,1,20.0,20,0,0,108
63563,navigation,1,20.0,20,0,0,47
63623,navigation,1,20.0,20,0,0,60
63673,navigation,1,20.0,20,0,0,50
63703,navigation,1,20.0,20,0,0,30
63741,navigation,1,20.0,20,0,0,38
63776,navigation,1,20.0,20,0,0,35
63825,navigation,1,20.0,20,0,0,49
63873,navigation,1,20.0,20,0,0,48
63935,navigation,1,20.0,20,0,0,62
64000,navigation,1,20.0,20,0,0,65
64057,navigation,1,20.0,20,0,0,57
64092,navigation,1,20.0,20,0,0,35
64154,navigation,1,20.0,20,0,0,62
64213,navigation,1,20.0,20,0,0,59
64267,navigation,1,20.0,20,0,0,54
64306,navigation,1,20.0,20,0,0,39
64342,navigation,1,20.0,20,0,0,36
64389,navigation,1,20.0,20,0,0,47
64440,navigation,1,20.0,20,0,0,51
64485,navigation,1,20.0,20,0,0,45
64515,navigation,1,20.0,20,0,0,30
64557,navigation,1,20.0,20,0,0,42
64590,navigation,1,20.0,20,0,0,33
64653,navigation,1,20.0,20,0,0,63
64729,navigation,1,20.0,20,0,0,76
64784,navigation,1,20.0,20,0,0,55
64831,navigation,1,20.0,20,0,0,47
64861,navigation,1,20.0,20,0,0,30
64897,navigation,1,20.0,20,0,0,36
64934,navigation,1,20.0,20,0,0,37
64994,navigation,1,20.0,20,0,0,60
65055,navigation,1,20.0,20,0,0,61
65105,navigation,1,20.0,20,0,0,50
65144,navigation,1,20.0,20,0,0,39
65207,navigation,1,20.0,20,0,0,63
65262,navigation,1,20.0,20,0,0,55
65303,navigation,1,20.0,20,0,0,41
65354,navigation,1,20.0,20,0,0,51
65400,navigation,1,20.0,20,0,0,46
65470,navigation,1,20.0,20,0,0,70
65502,navigation,1,20.0,20,0,0,32
65580,navigation,1,20.0,20,0,0,78
65623,navigation,1,20.0,20,0,0,43
65674,navigation,1,20.0,20,0,0,51
65719,navigation,1,20.0,20,0,0,45
65762,navigation,1,20.0,20,0,0,43
65815,navigation,1,20.0,20,0,0,53
65854,navigation,1,20.0,20,0,0,39
65916,navigation,1,20.0,20,0,0,62
65966,navigation,1,20.0,20,0,0,50
66015,navigation,1,20.0,20,0,0,49
66048,navigation,1,20.0,20,0,0,33
66089,navigation,1,20.0,20,0,0,41
66127,navigation,1,20.0,20,0,0,38
66177,navigation,1,20.0,20,0,0,50
66207,navigation,1,20.0,20,0,0,30
66241,navigation,1,20.0,20,0,0,34
66300,navigation,1,20.0,20,0,0,59
66341,navigation,1,20.0,20,0,0,41
66376,navigation,1,20.0,20,0,0,35
66421,navigation,1,20.0,20,0,0,45
66480,navigation,1,20.0,20,0,0,59
66517,navigation,1,20.0,20,0,0,37
66556,navigation,1,20.0,20,0,0,39
66604,navigation,1,20.0,20,0,0,48
66636,navigation,1,20.0,20,0,0,32
66684,navigation,1,20.0,20,0,0,48
66725,navigation,1,20.0,20,0,0,41
66760,navigation,1,20.0,20,0,0,35
66829,navigation,1,20.0,20,0,0,69
66877,navigation,1,20.0,20,0,0,48
66909,navigation,1,20.0,20,0,0,32
66961,navigation,1,20.0,20,0,0,52
67054,navigation,1,20.0,20,0,0,93
67124,navigation,1,20.0,20,0,0,70
67165,navigation,1,20.0,20,0,0,41
67248,navigation,1,20.0,20,0,0,83
67289,navigation,1,20.0,20,0,0,41
67346,navigation,1,20.0,20,0,0,57
67405,navigation,1,20.0,20,0,0,59
67449,navigation,1,20.0,20,0,0,44
67485,navigation,1,20.0,20,0,0,36
67525,navigation,1,20.0,20,0,0,40
67561,navigation,1,20.0,20,0,0,36
67614,navigation,1,20.0,20,0,0,53
67640,navigation,1,20.0,20,0,0,26
67686,navigation,1,20.0,20,0,0,46
67733,navigation,1,20.0,20,0,0,47
67789,navigation,1,20.0,20,0,0,56
67822,navigation,1,20.0,20,0,0,33
67896,navigation,1,20.0,20,0,0,74
67974,navigation,1,20.0,20,0,0,78
68031,navigation,1,20.0,20,0,0,57
68084,navigation,1,20.0,20,0,0,53
68145,navigation,1,20.0,20,0,0,61
68209,navigation,1,20.0,20,0,0,64
68321,navigation,1,20.0,20,0,0,112
68396,navigation,1,20.0,20,0,0,75
68442,navigation,1,20.0,20,0,0,46
68522,navigation,1,20.0,20,0,0,80
68558,navigation,1,20.0,20,0,0,36
68592,navigation,1,20.0,20,0,0,34
68636,navigation,1,20.0,20,0,0,44
68673,navigation,1,20.0,20,0,0,37
68728,navigation,1,20.0,20,0,0,55
68771,navigation,1,20.0,20,0,0,43
68822,navigation,1,20.0,20,0,0,51
68852,navigation,1,20.0,20,0,0,30
68921,navigation,1,20.0,20,0,0,69
68975,navigation,1,20.0,20,0,0,54
69024,navigation,1,20.0,20,0,0,49
69063,navigation,1,20.0,20,0,0,39
69127,navigation,1,20.0,20,0,0,64
69182,navigation,1,20.0,20,0,0,55
69229,navigation,1,20.0,20,0,0,47
69264,navigation,1,20.0,20,0,0,35
69332,navigation,1,20.0,20,0,0,68
69378,navigation,1,20.0,20,0,0,46
69432,navigation,1,20.0,20,0,0,54
69485,navigation,1,20.0,20,0,0,53
69542,navigation,1,20.0,20,0,0,57
69590,navigation,1,20.0,20,0,0,48
69629,navigation,1,20.0,20,0,0,39
69681,navigation,1,20.0,20,0,0,52
69729,navigation,1,20.0,20,0,0,48
69772,navigation,1,20.0,20,0,0,43
69797,navigation,1,20.0,20,0,0,25
69834,navigation,1,20.0,20,0,0,37
69873,navigation,1,20.0,20,0,0,39
69910,navigation,1,20.0,20,0,0,37
69970,navigation,1,20.0,20,0,0,60
70029,navigation,1,20.0,20,0,0,59
70083,navigation,1,20.0,20,0,0,54
70123,navigation,1,20.0,20,0,0,40
70177,navigation,1,20.0,20,0,0,54
70244,navigation,1,20.0,20,0,0,67
70289,navigation,1,20.0,20,0,0,45
70339,navigation,1,20.0,20,0,0,50
70398,navigation,1,20.0,20,0,0,59
70430,navigation,1,20.0,20,0,0,32
70470,navigation,1,20.0,20,0,0,40
70523,navigation,1,20.0,20,0,0,53
70572,navigation,1,20.0,20,0,0,49
70635,navigation,1,20.0,20,0,0,63
70669,navigation,1,20.0,20,0,0,34
70716,navigation,1,20.0,20,0,0,47
70767,navigation,1,20.0,20,0,0,51
70806,navigation,1,20.0,20,0,0,39
70847,navigation,1,20.0,20,0,0,41
70903,navigation,1,20.0,20,0,0,56
70945,navigation,1,20.0,20,0,0,42
70987,navigation,1,20.0,20,0,0,42
71018,navigation,1,20.0,20,0,0,31
71056,navigation,1,20.0,20,0,0,38
71115,navigation,1,20.0,20,0,0,59
71159,navigation,1,20.0,20,0,0,44
71214,navigation,1,20.0,20,0,0,55
71261,navigation,1,20.0,20,0,0,47
71322,navigation,1,20.0,20,0,0,61
71351,navigation,1,20.0,20,0,0,29
71393,navigation,1,20.0,20,0,0,42
71444,navigation,1,20.0,20,0,0,51
71483,navigation,1,20.0,20,0,0,39
71512,navigation,1,20.0,20,0,0,29
71566,navigation,1,20.0,20,0,0,54
71596,navigation,1,20.0,20,0,0,30
71654,navigation,1,20.0,20,0,0,58
71719,navigation,1,20.0,20,0,0,65
71765,navigation,1,20.0,20,0,0,46
71834,navigation,1,20.0,20,0,0,69
71882,navigation,1,20.0,20,0,0,48
71939,navigation,1,20.0,20,0,0,57
71974,navigation,1,20.0,20,0,0,35
72032,navigation,1,20.0,20,0,0,58
72069,navigation,1,20.0,20,0,0,37
72113,navigation,1,20.0,20,0,0,44
72187,navigation,1,20.0,20,0,0,74
72245,navigation,1,20.0,20,0,0,58
72316,navigation,1,20.0,20,0,0,71
72348,navigation,1,20.0,20,0,0,32
72388,navigation,1,20.0,20,0,0,40
72437,navigation,1,20.0,20,0,0,49
72497,navigation,1,20.0,20,0,0,60
72556,navigation,1,20.0,20,0,0,59
72628,navigation,1,20.0,20,0,0,72
72694,navigation,1,20.0,20,0,0,66
72739,navigation,1,20.0,20,0,0,45
72775,navigation,1,20.0,20,0,0,36
72850,navigation,1,20.0,20,0,0,75
72921,navigation,1,20.0,20,0,0,71
72969,navigation,1,20.0,20,0,0,48
73002,navigation,1,20.0,20,0,0,33
73073,navigation,1,20.0,20,0,0,71
73116,navigation,1,20.0,20,0,0,43
73150,navigation,1,20.0,20,0,0,34
73194,navigation,1,20.0,20,0,0,44
73232,navigation,1,20.0,20,0,0,38
73291,navigation,1,20.0,20,0,0,59
73366,navigation,1,20.0,20,0,0,75
73409,navigation,1,20.0,20,0,0,43
73464,navigation,1,20.0,20,0,0,55
73508,navigation,1,20.0,20,0,0,44
73560,navigation,1,20.0,20,0,0,52
73606,navigation,1,20.0,20,0,0,46
73642,navigation,1,20.0,20,0,0,36
73672,navigation,1,20.0,20,0,0,30
73710,navigation,1,20.0,20,0,0,38
73760,navigation,1,20.0,20,0,0,50
73796,navigation,1,20.0,20,0,0,36
73850,navigation,1,20.0,20,0,0,54
73893,navigation,1,20.0,20,0,0,43
73953,navigation,1,20.0,20,0,0,60
73978,navigation,1,20.0,20,0,0,25
74031,navigation,1,20.0,20,0,0,53
74083,navigation,1,20.0,20,0,0,52
74119,navigation,1,20.0,20,0,0,36
74146,navigation,1,20.0,20,0,0,27
74196,navigation,1,20.0,20,0,0,50
74234,navigation,1,20.0,20,0,0,38
74276,navigation,1,20.0,20,0,0,42
74322,navigation,1,20.0,20,0,0,46
74354,navigation,1,20.0,20,0,0,32
74412,navigation,1,20.0,20,0,0,58
74472,navigation,1,20.0,20,0,0,60
74526,navigation,1,20.0,20,0,0,54
74575,navigation,1,20.0,20,0,0,49
74623,navigation,1,20.0,20,0,0,48
74672,navigation,1,20.0,20,0,0,49
74777,navigation,1,20.0,20,0,0,105
74816,navigation,1,20.0,20,0,0,39
74855,navigation,1,20.0,20,0,0,39
74882,navigation,1,20.0,20,0,0,27
74918,navigation,1,20.0,20,0,0,36
74980,navigation,1,20.0,20,0,0,62
75030,navigation,1,20.0,20,0,0,50
75073,navigation,1,20.0,20,0,0,43
75102,navigation,1,20.0,20,0,0,29
75154,navigation,1,20.0,20,0,0,52
75191,navigation,1,20.0,20,0,0,37
75251,navigation,1,20.0,20,0,0,60
75303,navigation,1,20.0,20,0,0,52
75349,navigation,1,20.0,20,0,0,46
75394,navigation,1,20.0,20,0,0,45
75433,navigation,1,20.0,20,0,0,39
75492,navigation,1,20.0,20,0,0,59
75526,navigation,1,20.0,20,0,0,34
75556,navigation,1,20.0,20,0,0,30
75581,navigation,1,20.0,20,0,0,25
75604,navigation,1,20.0,20,0,0,23
75647,navigation,1,20.0,20,0,0,43
75713,navigation,1,20.0,20,0,0,66
75746,navigation,1,20.0,20,0,0,33
75790,navigation,1,20.0,20,0,0,44
75823,navigation,1,20.0,20,0,0,33
75865,navigation,1,20.0,20,0,0,42
75895,navigation,1,20.0,20,0,0,30
75961,navigation,1,20.0,20,0,0,66
76005,navigation,1,20.0,20,0,0,44
76045,navigation,1,20.0,20,0,0,40
76081,navigation,1,20.0,20,0,0,36
76117,navigation,1,20.0,20,0,0,36
76166,navigation,1,20.0,20,0,0,49
76213,navigation,1,20.0,20,0,0,47
76252,navigation,1,20.0,20,0,0,39
76322,navigation,1,20.0,20,0,0,70
76370,navigation,1,20.0,20,0,0,48
76415,navigation,1,20.0,20,0,0,45
76449,navigation,1,20.0,20,0,0,34
76482,navigation,1,20.0,20,0,0,33
76513,navigation,1,20.0,20,0,0,31
76551,navigation,1,20.0,20,0,0,38
76603,navigation,1,20.0,20,0,0,52
76653,navigation,1,20.0,20,0,0,50
76717,navigation,1,20.0,20,0,0,64
76760,navigation,1,20.0,20,0,0,43
76836,navigation,1,20.0,20,0,0,76
76867,navigation,1,20.0,20,0,0,31
76914,navigation,1,20.0,20,0,0,47
76951,navigation,1,20.0,20,0,0,37
77006,navigation,1,20.0,20,0,0,55
77061,navigation,1,20.0,20,0,0,55
77113,navigation,1,20.0,20,0,0,52
77171,navigation,1,20.0,20,0,0,58
77222,navigation,1,20.0,20,0,0,51
77258,navigation,1,20.0,20,0,0,36
77304,navigation,1,20.0,20,0,0,46
77329,navigation,1,20.0,20,0,0,25
77369,navigation,1,20.0,20,0,0,40
77394,navigation,1,20.0,20,0,0,25
77443,navigation,1,20.0,20,0,0,49
77505,navigation,1,20.0,20,0,0,62
77564,navigation,1,20.0,20,0,0,59
77626,navigation,1,20.0,20,0,0,62
77673,navigation,1,20.0,20,0,0,47
77726,navigation,1,20.0,20,0,0,53
77754,navigation,1,20.0,20,0,0,28
77797,navigation,1,20.0,20,0,0,43
77830,navigation,1,20.0,20,0,0,33
77882,navigation,1,20.0,20,0,0,52
77935,navigation,1,20.0,20,0,0,53
77974,navigation,1,20.0,20,0,0,39
78019,navigation,1,20.0,20,0,0,45
78066,navigation,1,20.0,20,0,0,47
78103,navigation,1,20.0,20,0,0,37
78188,navigation,1,20.0,20,0,0,85
78219,navigation,1,20.0,20,0,0,31
78262,navigation,1,20.0,20,0,0,43
78300,navigation,1,20.0,20,0,0,38
78341,navigation,1,20.0,20,0,0,41
78385,navigation,1,20.0,20,0,0,44
78426,navigation,1,20.0,20,0,0,41
78485,navigation,1,20.0,20,0,0,59
78518,navigation,1,20.0,20,0,0,33
78563,navigation,1,20.0,20,0,0,45
78618,navigation,1,20.0,20,0,0,55
78655,navigation,1,20.0,20,0,0,37
78705,navigation,1,20.0,20,0,0,50
78749,navigation,1,20.0,20,0,0,44
78806,navigation,1,20.0,20,0,0,57
78840,navigation,1,20.0,20,0,0,34
78883,navigation,1,20.0,20,0,0,43
78913,navigation,1,20.0,20,0,0,30
78967,navigation,1,20.0,20,0,0,54
79001,navigation,1,20.0,20,0,0,34
79040,navigation,1,20.0,20,0,0,39
79093,navigation,1,20.0,20,0,0,53
79134,navigation,1,20.0,20,0,0,41
79166,navigation,1,20.0,20,0,0,32
79223,navigation,1,20.0,20,0,0,57
79286,navigation,1,20.0,20,0,0,63
79342,navigation,1,20.0,20,0,0,56
79398,navigation,1,20.0,20,0,0,56
79437,navigation,1,20.0,20,0,0,39
79502,navigation,1,20.0,20,0,0,65
79545,navigation,1,20.0,20,0,0,43
79594,navigation,1,20.0,20,0,0,49
79623,navigation,1,20.0,20,0,0,29
79660,navigation,1,20.0,20,0,0,37
79704,navigation,1,20.0,20,0,0,44
79747,navigation,1,20.0,20,0,0,43
79790,navigation,1,20.0,20,0,0,43
79857,navigation,1,20.0,20,0,0,67
79895,navigation,1,20.0,20,0,0,38
79924,navigation,1,20.0,20,0,0,29
79989,navigation,1,20.0,20,0,0,65
80009,navigation,1,20.0,20,0,0,20
80052,navigation,1,20.0,20,0,0,43
80095,navigation,1,20.0,20,0,0,43
80140,navigation,1,20.0,20,0,0,45
80227,navigation,1,20.0,20,0,0,87
80264,navigation,1,20.0,20,0,0,37
80317,navigation,1,20.0,20,0,0,53
80341,navigation,1,20.0,20,0,0,24
80376,navigation,1,20.0,20,0,0,35
80409,navigation,1,20.0,20,0,0,33
80448,navigation,1,20.0,20,0,0,39
80468,navigation,1,20.0,20,0,0,20
80518,navigation,1,20.0,20,0,0,50
80554,navigation,1,20.0,20,0,0,36
80611,navigation,1,20.0,20,0,0,57
80656,navigation,1,20.0,20,0,0,45
80692,navigation,1,20.0,20,0,0,36
80800,navigation,1,20.0,20,0,0,108
80826,navigation,1,20.0,20,0,0,26
80878,navigation,1,20.0,20,0,0,52
80961,navigation,1,20.0,20,0,0,83
80988,navigation,1,20.0,20,0,0,27
81026,navigation,1,20.0,20,0,0,38
81076,navigation,1,20.0,20,0,0,50
81115,navigation,1,20.0,20,0,0,39
81180,navigation,1,20.0,20,0,0,65
81227,navigation,1,20.0,20,0,0,47
81267,navigation,1,20.0,20,0,0,40
81326,navigation,1,20.0,20,0,0,59
81360,navigation,1,20.0,20,0,0,34
81402,navigation,1,20.0,20,0,0,42
81429,navigation,1,20.0,20,0,0,27
81505,navigation,1,20.0,20,0,0,76
81547,navigation,1,20.0,20,0,0,42
81605,navigation,1,20.0,20,0,0,58
81653,navigation,1,20.0,20,0,0,48
81698,navigation,1,20.0,20,0,0,45
81764,navigation,1,20.0,20,0,0,66
81794,navigation,1,20.0,20,0,0,30
81851,navigation,1,20.0,20,0,0,57
81900,navigation,1,20.0,20,0,0,49
81954,navigation,1,20.0,20,0,0,54
82066,navigation,0,20.0,20,0,0,112
82113,navigation,1,20.0,20,0,0,47
82165,navigation,1,20.0,20,0,0,52
82199,navigation,1,20.0,20,0,0,34
82250,navigation,1,20.0,20,0,0,51
82302,navigation,1,20.0,20,0,0,52
82395,navigation,1,20.0,20,0,0,93
82454,navigation,1,20.0,20,0,0,59
82503,navigation,1,20.0,20,0,0,49
82560,navigation,1,20.0,20,0,0,57
82588,navigation,1,20.0,20,0,0,28
82643,navigation,1,20.0,20,0,0,55
82688,navigation,1,20.0,20,0,0,45
82725,navigation,1,20.0,20,0,0,37
82776,navigation,1,20.0,20,0,0,51
82832,navigation,1,20.0,20,0,0,56
82872,navigation,1,20.0,20,0,0,40
82917,navigation,1,20.0,20,0,0,45
82945,navigation,1,20.0,20,0,0,28
83001,navigation,1,20.0,20,0,0,56
83039,navigation,1,20.0,20,0,0,38
83070,navigation,1,20.0,20,0,0,31
83120,navigation,1,20.0,20,0,0,50
83160,navigation,1,20.0,20,0,0,40
83214,navigation,1,20.0,20,0,0,54
83252,navigation,1,20.0,20,0,0,38
83288,navigation,1,20.0,20,0,0,36
83330,navigation,1,20.0,20,0,0,42
83372,navigation,1,20.0,20,0,0,42
83403,navigation,1,20.0,20,0,0,31
83458,navigation,1,20.0,20,0,0,55
83511,navigation,1,20.0,20,0,0,53
83548,navigation,1,20.0,20,0,0,37
83584,navigation,1,20.0,20,0,0,36
83637,navigation,1,20.0,20,0,0,53
83681,navigation,1,20.0,20,0,0,44
83726,navigation,1,20.0,20,0,0,45
83779,navigation,1,20.0,20,0,0,53
83812,navigation,1,20.0,20,0,0,33
83848,navigation,1,20.0,20,0,0,36
83891,navigation,1,20.0,20,0,0,43
83943,navigation,1,20.0,20,0,0,52
83969,navigation,1,20.0,20,0,0,26
83992,navigation,1,20.0,20,0,0,23
84077,navigation,1,20.0,20,0,0,85
84126,navigation,1,20.0,20,0,0,49
84166,navigation,1,20.0,20,0,0,40
84197,navigation,1,20.0,20,0,0,31
84244,navigation,1,20.0,20,0,0,47
84289,navigation,1,20.0,20,0,0,45
84344,navigation,1,20.0,20,0,0,55
84405,navigation,1,20.0,20,0,0,61
84429,navigation,1,20.0,20,0,0,24
84472,navigation,1,20.0,20,0,0,43
84517,navigation,1,20.0,20,0,0,45
84571,navigation,1,20.0,20,0,0,54
84618,navigation,1,20.0,20,0,0,47
84666,navigation,1,20.0,20,0,0,48
84722,navigation,1,20.0,20,0,0,56
84775,navigation,1,20.0,20,0,0,53
84817,navigation,1,20.0,20,0,0,42
84870,navigation,1,20.0,20,0,0,53
84929,navigation,1,20.0,20,0,0,59
84957,navigation,1,20.0,20,0,0,28
84993,navigation,1,20.0,20,0,0,36
85039,navigation,1,20.0,20,0,0,46
85062,navigation,1,20.0,20,0,0,23
85107,navigation,1,20.0,20,0,0,45
85152,navigation,1,20.0,20,0,0,45
